,chr_num,position,0
0,chr1,11181327,0.0
1,chr1,27100181,
2,chr1,46738433,
3,chr1,115256530,0.0
4,chr1,120611830,
5,chr1,120611964,
6,chr1,120612006,
7,chr1,156846307,1.0
8,chr1,162737116,1.0
9,chr1,196654324,
10,chr1,196659237,
11,chr10,8100647,
12,chr10,43595968,1.0
13,chr12,4553332,
14,chr12,25398281,0.0
15,chr12,25398284,1.0
16,chr12,58142854,
17,chr12,112891125,
18,chr13,28578214,1.0
19,chr13,28589267,
20,chr13,28624294,1.0
21,chr13,28674628,1.0
22,chr13,32912299,0.0
23,chr13,32913558,1.0
24,chr13,32913836,1.0
25,chr13,48955676,
26,chr15,66727451,1.0
27,chr15,66729147,1.0
28,chr15,66782085,1.0
29,chr15,88576185,1.0
30,chr16,89805914,
31,chr16,89816314,
32,chr16,89857964,
33,chr17,7578645,
34,chr17,7579472,1.0
35,chr17,37650892,
36,chr17,62007498,
37,chr19,1222012,
38,chr19,3119239,
39,chr19,15278222,
40,chr19,17941294,
41,chr19,45912406,
42,chr2,17962450,
43,chr2,17962518,
44,chr2,25469502,
45,chr2,29416326,1.0
46,chr2,29416615,1.0
47,chr2,29543736,1.0
48,chr2,30143499,1.0
49,chr2,48018236,
50,chr2,178095900,
51,chr2,209104740,
52,chr2,215645464,
53,chr2,215645545,
54,chr20,57484241,
55,chr22,41536164,
56,chr22,41566524,
57,chr3,41266101,1.0
58,chr3,178936091,0.0
59,chr3,178947865,1.0
60,chr3,178952085,0.0
61,chr4,55138600,1.0
62,chr4,55152040,0.0
63,chr4,55599321,0.0
64,chr4,55962545,
65,chr4,55972974,0.0
66,chr5,112179431,1.0
67,chr5,149457678,
68,chr5,149499672,
69,chr5,149504348,
70,chr5,149513072,
71,chr6,117678083,
72,chr6,117718110,1.0
73,chr7,2953038,
74,chr7,2958298,
75,chr7,55241707,1.0
76,chr7,55242464,0.0
77,chr7,55249071,0.0
78,chr7,55259515,0.0
79,chr7,116339847,1.0
80,chr7,128845277,
81,chr7,140453136,0.0
82,chr7,140494209,1.0
83,chr8,30999123,
84,chr8,145741130,
85,chr9,5081780,1.0
86,chr9,98211548,1.0
87,chr9,98278975,
88,chr9,139391636,1.0
89,chr9,139396746,1.0
90,chr9,139397707,1.0
91,chr9,139407932,1.0
92,chr9,139409754,1.0
93,chr9,139418260,1.0
94,chrX,100629527,
95,chr1,9781412,
96,chr1,11254597,
97,chr1,17359676,
98,chr1,27056285,
99,chr1,120458004,
100,chr1,120471800,
101,chr1,204507128,
102,chr10,43613843,1.0
103,chr10,88635779,
104,chr11,533328,1.0
105,chr11,65826704,
106,chr11,69462910,1.0
107,chr11,128675292,
108,chr12,4553383,
109,chr12,109994870,
110,chr12,121416988,
111,chr12,121434630,
112,chr12,121437114,
113,chr14,45645974,
114,chr14,65507589,
115,chr14,68290464,
116,chr15,40462780,
117,chr16,3817720,
118,chr16,14014240,
119,chr17,7577644,
120,chr17,17129431,
121,chr17,29632336,
122,chr17,41622507,
123,chr17,41622740,
124,chr17,58024224,
125,chr19,1219191,
126,chr19,3534696,
127,chr19,4102449,
128,chr19,15300069,
129,chr19,15302905,
130,chr19,41749511,
131,chr19,45912343,
132,chr19,45912489,
133,chr2,29416025,
134,chr2,30143058,1.0
135,chr2,178988919,
136,chr20,57429753,
137,chr22,24129240,
138,chr3,10089738,
139,chr3,12475557,
140,chr3,12645007,
141,chr3,41266133,1.0
142,chr3,65350694,
143,chr3,65372849,
144,chr3,65376868,
145,chr3,187451709,
146,chr3,195779155,
147,chr3,195782176,
148,chr4,55602765,1.0
149,chr4,153244155,
150,chr5,1294664,
151,chr5,79970914,
152,chr5,112175770,1.0
153,chr5,112176325,1.0
154,chr7,106508763,
155,chr7,116436022,0.0
156,chr7,128852003,1.0
157,chr8,28210808,
158,chr8,30938704,
159,chr8,30973957,
160,chr8,32505909,
161,chr8,32579404,
162,chr8,32614018,
163,chr8,118819578,
164,chr8,145738767,
165,chr9,20620596,
166,chrX,66765142,1.0
167,chrX,76938088,
168,chr1,11190646,0.0
169,chr1,65310489,1.0
170,chr1,65312342,1.0
171,chr1,65321388,
172,chr1,65325970,
173,chr1,120477998,
174,chr1,120529750,
175,chr1,156814027,
176,chr1,156814478,
177,chr1,156846233,1.0
178,chr1,156848995,1.0
179,chr1,162737241,
180,chr1,196642233,
181,chr1,196682947,
182,chr1,204587918,
183,chr10,8111409,
184,chr10,43604493,1.0
185,chr11,69625385,1.0
186,chr11,69633633,1.0
187,chr11,94179125,
188,chr11,94212048,
189,chr11,94225920,
190,chr11,95523810,
191,chr11,95555133,
192,chr11,95562327,
193,chr11,128333503,
194,chr12,4553184,
195,chr12,4554413,
196,chr12,4554630,
197,chr12,25362777,1.0
198,chr12,56494998,1.0
199,chr12,56495306,
200,chr12,121416622,
201,chr12,121416650,
202,chr12,121426901,
203,chr12,121437221,
204,chr13,28624381,
205,chr13,28647573,
206,chr13,28895620,
207,chr13,32911888,1.0
208,chr13,32912750,1.0
209,chr13,32936646,
210,chr13,48916887,
211,chr13,48921884,
212,chr13,48941466,
213,chr13,48985975,
214,chr13,49051481,
215,chr13,103511428,
216,chr13,103515036,
217,chr13,103527930,
218,chr14,45624688,
219,chr14,68290372,
220,chr14,105241378,
221,chr15,40457431,
222,chr15,40488851,
223,chr15,40491952,
224,chr15,43701262,
225,chr15,43707808,
226,chr15,43724646,
227,chr15,59175965,
228,chr15,59179264,
229,chr15,88680684,1.0
230,chr15,89849327,
231,chr15,90627616,
232,chr15,91312313,
233,chr15,91337479,
234,chr15,91346923,
235,chr15,91354505,
236,chr16,2120402,
237,chr16,2134450,1.0
238,chr16,3658433,
239,chr16,14041958,
240,chr16,68771372,
241,chr16,89807233,
242,chr16,89809319,
243,chr16,89815152,
244,chr16,89816333,
245,chr16,89818491,
246,chr16,89825065,
247,chr16,89828437,
248,chr16,89839766,
249,chr16,89839854,
250,chr16,89857935,
251,chr16,89858417,
252,chr16,89862434,
253,chr16,89877269,
254,chr17,17119982,
255,chr17,29553485,1.0
256,chr17,37879588,1.0
257,chr17,37879762,
258,chr17,41234451,1.0
259,chr17,41251931,
260,chr17,66538239,
261,chr17,74477340,
262,chr19,3114864,
263,chr19,4101062,
264,chr19,11241877,
265,chr19,11242044,
266,chr19,17940816,
267,chr19,17952185,
268,chr19,30314666,
269,chr19,40743956,
270,chr19,45865002,
271,chr19,45867259,
272,chr19,45868006,
273,chr19,45868309,
274,chr19,45872036,
275,chr19,45918849,
276,chr19,45922323,
277,chr19,45923653,
278,chr19,45971961,
279,chr2,17942775,
280,chr2,17963123,
281,chr2,25469913,
282,chr2,29416366,1.0
283,chr2,29416794,
284,chr2,42511903,
285,chr2,47601106,
286,chr2,47656801,
287,chr2,47693959,
288,chr2,48018030,
289,chr2,48027921,
290,chr2,128183682,
291,chr2,198257795,
292,chr2,198265526,
293,chr2,198283305,
294,chr2,215595069,
295,chr2,215632255,
296,chr2,233208060,
297,chr20,4163302,
298,chr20,57415471,
299,chr21,39870310,
300,chr22,29664423,
301,chr22,41551039,
302,chr22,41564708,
303,chr22,41568480,
304,chr3,10088266,
305,chr3,10088299,
306,chr3,10088308,
307,chr3,10088343,
308,chr3,10088404,
309,chr3,10088407,
310,chr3,10138019,
311,chr3,14187449,
312,chr3,14188700,
313,chr3,14188762,
314,chr3,14189340,
315,chr3,14190237,
316,chr3,14197987,
317,chr3,14199887,
318,chr3,14220095,
319,chr3,37056000,
320,chr3,128200806,
321,chr3,142277575,
322,chr3,187446153,
323,chr4,1803307,
324,chr4,1803704,1.0
325,chr4,55143577,0.0
326,chr4,55604693,1.0
327,chr4,55955232,
328,chr4,55979558,1.0
329,chr4,106182946,
330,chr4,123814308,
331,chr4,153332500,
332,chr5,1254594,
333,chr5,1260515,
334,chr5,44310572,
335,chr5,67522722,
336,chr5,80168937,
337,chr5,112162854,1.0
338,chr5,112164561,1.0
339,chr5,112176559,1.0
340,chr5,112176756,1.0
341,chr5,112177171,1.0
342,chr5,149447771,
343,chr5,149459574,
344,chr5,149460553,
345,chr5,149495395,
346,chr5,149509446,
347,chr6,35420267,
348,chr6,41903782,
349,chr6,117686840,1.0
350,chr6,117730819,
351,chr7,6022626,
352,chr7,6026988,
353,chr7,106508978,
354,chr7,116421967,
355,chr7,140449150,1.0
356,chr8,26217856,
357,chr8,30990110,
358,chr8,30999280,
359,chr8,31012190,
360,chr8,31024654,
361,chr8,31497560,
362,chr8,32406148,
363,chr8,32505337,
364,chr8,32585423,
365,chr8,32585434,
366,chr8,38275434,1.0
367,chr8,90993061,
368,chr8,145737286,
369,chr8,145737514,
370,chr8,145737816,
371,chr8,145741702,
372,chr8,145741765,
373,chr8,145742514,
374,chr8,145742879,
375,chr9,5050706,0.0
376,chr9,35074917,
377,chr9,98209594,1.0
378,chr9,100437823,
379,chr9,133761001,
380,chr9,135802659,1.0
381,chrX,66765627,1.0
382,chrX,70338656,
383,chrX,70361273,
384,chrX,100608191,
