,0,chr_num,position
0,0,chr1,11181327
1,0,chr1,11184586
2,0,chr1,11190646
3,1,chr1,11199448
4,1,chr1,11205058
5,0,chr1,11227542
6,1,chr1,11288758
7,1,chr1,11301714
8,0,chr1,65305357
9,1,chr1,65310489
10,1,chr1,65312342
11,1,chr1,65332696
12,0,chr1,97981395
13,0,chr1,115256530
14,0,chr1,156830871
15,0,chr1,156843543
16,1,chr1,156846233
17,1,chr1,156846307
18,1,chr1,156848995
19,0,chr1,162724579
20,1,chr1,162737116
21,1,chr2,29416326
22,0,chr2,29416357
23,1,chr2,29416366
24,0,chr2,29416481
25,1,chr2,29416572
26,1,chr2,29416615
27,0,chr2,29420501
28,0,chr2,29445458
29,1,chr2,29446701
30,1,chr2,29446721
31,0,chr2,29447108
32,1,chr2,29447253
33,1,chr2,29447605
34,1,chr2,29448206
35,1,chr2,29449819
36,0,chr2,29451842
37,1,chr2,29455267
38,0,chr2,29462684
39,1,chr2,29543663
40,1,chr2,29543736
41,1,chr2,29940529
42,1,chr2,30143058
43,1,chr2,30143499
44,0,chr2,111883020
45,0,chr2,209106786
46,1,chr2,209108317
47,1,chr2,209113192
48,1,chr2,212251864
49,0,chr2,234668879
50,0,chr2,234669167
51,1,chr3,12626394
52,1,chr3,12632388
53,0,chr3,12650799
54,1,chr3,41266101
55,1,chr3,41266133
56,0,chr3,178927410
57,0,chr3,178936091
58,1,chr3,178947865
59,0,chr3,178952085
60,1,chr4,1801137
61,1,chr4,1803704
62,1,chr4,1807894
63,0,chr4,1809110
64,1,chr4,1809127
65,0,chr4,1809129
66,0,chr4,1809629
67,0,chr4,1809728
68,1,chr4,1809787
69,1,chr4,1809907
70,0,chr4,55127413
71,0,chr4,55127494
72,0,chr4,55130078
73,0,chr4,55131129
74,0,chr4,55133726
75,1,chr4,55138600
76,0,chr4,55138646
77,1,chr4,55139771
78,1,chr4,55141055
79,0,chr4,55143577
80,0,chr4,55146505
81,0,chr4,55152040
82,1,chr4,55161391
83,1,chr4,55561862
84,0,chr4,55575642
85,0,chr4,55575673
86,0,chr4,55599321
87,1,chr4,55602765
88,1,chr4,55604693
89,1,chr4,55970963
90,0,chr4,55972974
91,1,chr4,55979558
92,1,chr5,112162854
93,1,chr5,112164561
94,0,chr5,112175651
95,1,chr5,112175770
96,1,chr5,112176184
97,1,chr5,112176325
98,1,chr5,112176559
99,1,chr5,112176756
100,1,chr5,112177171
101,0,chr5,112177432
102,1,chr5,112179344
103,1,chr5,112179431
104,0,chr5,149782420
105,0,chr5,149782616
106,0,chr5,149783315
107,1,chr5,149783876
108,0,chr5,149784087
109,0,chr5,149784197
110,0,chr6,117643188
111,1,chr6,117643588
112,1,chr6,117645352
113,0,chr6,117645652
114,0,chr6,117645662
115,0,chr6,117645778
116,1,chr6,117646759
117,1,chr6,117647254
118,0,chr6,117650965
119,0,chr6,117656893
120,1,chr6,117686840
121,1,chr6,117718110
122,0,chr6,117724428
123,1,chr6,117725578
124,0,chr6,152129077
125,1,chr6,152201875
126,1,chr6,152265522
127,1,chr7,55214348
128,0,chr7,55233089
129,1,chr7,55238087
130,1,chr7,55238874
131,1,chr7,55241707
132,0,chr7,55242464
133,0,chr7,55249063
134,0,chr7,55249071
135,0,chr7,55259515
136,1,chr7,55266417
137,1,chr7,55268980
138,1,chr7,92247480
139,1,chr7,116339847
140,0,chr7,116340177
141,1,chr7,116397572
142,1,chr7,116435768
143,0,chr7,116436022
144,0,chr7,116436097
145,1,chr7,128846328
146,0,chr7,128846374
147,1,chr7,128852003
148,1,chr7,140439741
149,1,chr7,140449150
150,0,chr7,140453136
151,1,chr7,140476794
152,0,chr7,140482926
153,1,chr7,140494209
154,0,chr8,38271209
155,0,chr8,38271765
156,0,chr8,38274930
157,1,chr8,38275434
158,1,chr8,38279368
159,1,chr8,38285611
160,0,chr8,38285913
161,1,chr8,128750540
162,0,chr8,128750604
163,0,chr8,128750607
164,0,chr8,128751201
165,1,chr8,128752846
166,0,chr9,5050706
167,1,chr9,5081780
168,0,chr9,21974758
169,0,chr9,21994233
170,1,chr9,98209594
171,1,chr9,98211548
172,0,chr9,98238358
173,1,chr9,98239971
174,0,chr9,98242853
175,0,chr9,135771987
176,0,chr9,135779176
177,0,chr9,135782221
178,1,chr9,135786904
179,1,chr9,135802659
180,0,chr9,139390944
181,1,chr9,139391636
182,0,chr9,139393422
183,1,chr9,139396746
184,1,chr9,139397707
185,0,chr9,139399408
186,0,chr9,139401289
187,0,chr9,139401311
188,0,chr9,139401817
189,0,chr9,139404286
190,0,chr9,139404410
191,1,chr9,139407932
192,0,chr9,139409061
193,1,chr9,139409754
194,0,chr9,139412368
195,0,chr9,139413269
196,0,chr9,139418227
197,1,chr9,139418260
198,1,chr10,43595968
199,1,chr10,43604493
200,1,chr10,43606687
201,1,chr10,43607629
202,1,chr10,43610366
203,1,chr10,43610455
204,1,chr10,43610558
205,1,chr10,43611600
206,1,chr10,43611708
207,0,chr10,43611767
208,1,chr10,43611865
209,1,chr10,43613843
210,0,chr10,43615641
211,1,chr10,123239112
212,0,chr10,123256164
213,1,chr10,123298158
214,0,chr10,123310878
215,0,chr10,123325040
216,1,chr10,123325169
217,1,chr11,533328
218,1,chr11,534242
219,1,chr11,69462910
220,0,chr11,69465987
221,0,chr11,69588200
222,0,chr11,69588845
223,1,chr11,69625385
224,1,chr11,69633633
225,0,chr11,108106541
226,1,chr11,108122592
227,1,chr11,108127010
228,1,chr11,108138045
229,0,chr11,108139183
230,0,chr11,108150313
231,0,chr11,108150316
232,0,chr11,108175462
233,0,chr11,108181037
234,1,chr11,108183167
235,0,chr11,108198391
236,1,chr12,25362777
237,1,chr12,25368462
238,0,chr12,25398281
239,1,chr12,25398284
240,0,chr12,56479082
241,0,chr12,56481853
242,1,chr12,56494998
243,1,chr13,28578214
244,1,chr13,28602367
245,1,chr13,28624294
246,0,chr13,28626706
247,1,chr13,28636084
248,1,chr13,28674628
249,1,chr13,32906480
250,1,chr13,32906980
251,1,chr13,32910721
252,0,chr13,32911463
253,1,chr13,32911888
254,1,chr13,32912008
255,0,chr13,32912299
256,1,chr13,32912750
257,1,chr13,32913055
258,1,chr13,32913558
259,1,chr13,32913836
260,1,chr13,32915005
261,0,chr13,32929232
262,1,chr13,32929387
263,0,chr13,32937354
264,0,chr13,48878114
265,0,chr14,105236741
266,1,chr14,105239894
267,1,chr14,105241304
268,0,chr14,105242072
269,1,chr15,66727451
270,1,chr15,66729147
271,1,chr15,66782085
272,0,chr15,88420176
273,1,chr15,88576185
274,0,chr15,88576232
275,1,chr15,88679785
276,1,chr15,88680684
277,0,chr15,90628537
278,1,chr15,90631700
279,0,chr15,90631825
280,1,chr15,99465657
281,1,chr15,99478069
282,0,chr15,99478225
283,0,chr16,2106693
284,1,chr16,2120544
285,0,chr16,2124258
286,1,chr16,2134450
287,0,chr16,2138269
288,1,chr17,7579472
289,1,chr17,29508775
290,0,chr17,29528154
291,0,chr17,29552143
292,0,chr17,29553477
293,1,chr17,29553485
294,1,chr17,29556177
295,0,chr17,29653098
296,0,chr17,29667619
297,1,chr17,37879588
298,0,chr17,37881082
299,0,chr17,37882054
300,0,chr17,37884037
301,0,chr17,38546219
302,0,chr17,38561120
303,1,chr17,38562730
304,0,chr17,38562841
305,1,chr17,41223094
306,1,chr17,41234451
307,0,chr17,41243839
308,1,chr17,41244000
309,0,chr17,41244936
310,1,chr17,41245090
311,1,chr17,41245466
312,1,chr17,41246245
313,1,chr19,1218494
314,1,chr19,1221293
315,1,chr22,42526694
316,0,chrX,47424280
317,1,chrX,47426414
318,1,chrX,66765142
319,0,chrX,66765158
320,0,chrX,66765242
321,1,chrX,66765627
322,0,chrX,66765905
323,1,chrX,66766356
324,0,chrX,66766368
,178,,
,54.77%,,
